{
  "last_node_id": 63,
  "last_link_id": 130,
  "nodes": [
    {
      "id": 35,
      "type": "PreviewImage",
      "pos": [
        988.019287109375,
        -912.6958618164062
      ],
      "size": [
        306.0267333984375,
        246
      ],
      "flags": {},
      "order": 16,
      "mode": 0,
      "inputs": [
        {
          "name": "images",
          "type": "IMAGE",
          "link": 58
        }
      ],
      "outputs": [],
      "properties": {
        "Node name for S&R": "PreviewImage"
      },
      "widgets_values": []
    },
    {
      "id": 34,
      "type": "VAEDecode",
      "pos": [
        989.4608764648438,
        -1001.2876586914062
      ],
      "size": [
        301.068603515625,
        46
      ],
      "flags": {},
      "order": 14,
      "mode": 0,
      "inputs": [
        {
          "name": "samples",
          "type": "LATENT",
          "link": 122
        },
        {
          "name": "vae",
          "type": "VAE",
          "link": 103
        }
      ],
      "outputs": [
        {
          "name": "IMAGE",
          "type": "IMAGE",
          "links": [
            58
          ],
          "slot_index": 0
        }
      ],
      "properties": {
        "Node name for S&R": "VAEDecode"
      },
      "widgets_values": []
    },
    {
      "id": 33,
      "type": "SaveImage",
      "pos": [
        983.53662109375,
        -430.300537109375
      ],
      "size": [
        323.98455810546875,
        290.2170104980469
      ],
      "flags": {},
      "order": 18,
      "mode": 0,
      "inputs": [
        {
          "name": "images",
          "type": "IMAGE",
          "link": 55
        }
      ],
      "outputs": [],
      "properties": {
        "Node name for S&R": "SaveImage"
      },
      "widgets_values": [
        "Starnodes"
      ]
    },
    {
      "id": 30,
      "type": "VAEDecode",
      "pos": [
        983.09130859375,
        -524.2633056640625
      ],
      "size": [
        323.343994140625,
        50.83784484863281
      ],
      "flags": {},
      "order": 17,
      "mode": 0,
      "inputs": [
        {
          "name": "samples",
          "type": "LATENT",
          "link": 126
        },
        {
          "name": "vae",
          "type": "VAE",
          "link": 50
        }
      ],
      "outputs": [
        {
          "name": "IMAGE",
          "type": "IMAGE",
          "links": [
            55
          ],
          "slot_index": 0
        }
      ],
      "properties": {
        "Node name for S&R": "VAEDecode"
      },
      "widgets_values": []
    },
    {
      "id": 47,
      "type": "Note",
      "pos": [
        -263.1951904296875,
        -1227.5423583984375
      ],
      "size": [
        399.6626281738281,
        238.643798828125
      ],
      "flags": {},
      "order": 0,
      "mode": 0,
      "inputs": [],
      "outputs": [],
      "title": "ABOUT START NODE",
      "properties": {},
      "widgets_values": [
        "The Flux Star(t) Settings node is loading all your needed models. \n\nYou can choose one of the given ratios or set it to \"Free Ratio\" then it uses the input width and height.\n\nIf you prefer GGUF models, they are not implementet yet. So you have to add a GGUF loader for that models.\n\nYou can use the integrated CLIP text encoder and use the output conditioning. If you want to add loras or use a different text encoding you can use the CLIP output for conditioning."
      ],
      "color": "#af3535",
      "bgcolor": "#653"
    },
    {
      "id": 27,
      "type": "ShowText|pysssss",
      "pos": [
        -680.6320190429688,
        -434.02496337890625
      ],
      "size": [
        368.5205078125,
        135.77195739746094
      ],
      "flags": {},
      "order": 9,
      "mode": 0,
      "inputs": [
        {
          "name": "text",
          "type": "STRING",
          "link": 42,
          "widget": {
            "name": "text"
          }
        }
      ],
      "outputs": [
        {
          "name": "STRING",
          "type": "STRING",
          "links": [
            91
          ],
          "slot_index": 0,
          "shape": 6
        }
      ],
      "properties": {
        "Node name for S&R": "ShowText|pysssss"
      },
      "widgets_values": [
        "",
        " Magazine cover with big bold text title word \"STARNODES\" using a photo real photo taken with iphone of a purple Bee sitting on a star, a cute deamon is injecting a golden glowing liquid into the star. \"STARNODES\" title text in bold letters. Second Text line: \"New Deamon Injectors Added!\" Background color: purple  "
      ]
    },
    {
      "id": 52,
      "type": "Note",
      "pos": [
        963.8211669921875,
        -1218.2825927734375
      ],
      "size": [
        360,
        110
      ],
      "flags": {},
      "order": 1,
      "mode": 0,
      "inputs": [],
      "outputs": [],
      "title": "ABOUT OUTPUT",
      "properties": {},
      "widgets_values": [
        "What you see is what you get :-)"
      ],
      "color": "#af3535",
      "bgcolor": "#653"
    },
    {
      "id": 48,
      "type": "Note",
      "pos": [
        179.78028869628906,
        -1219.9063720703125
      ],
      "size": [
        360.0219421386719,
        102.07351684570312
      ],
      "flags": {},
      "order": 2,
      "mode": 0,
      "inputs": [],
      "outputs": [],
      "title": "ABOUT FLUX SAMPLER",
      "properties": {},
      "widgets_values": [
        "This is the first pass generation, you can use you preferred Sampler to generate the Image.\nThis is an example for Flux\nSeed \"-1\" generates a random seed."
      ],
      "color": "#af3535",
      "bgcolor": "#653"
    },
    {
      "id": 21,
      "type": "Starupscale",
      "pos": [
        200,
        -630
      ],
      "size": [
        320.1286926269531,
        170
      ],
      "flags": {},
      "order": 13,
      "mode": 0,
      "inputs": [
        {
          "name": "VAE_INPUT",
          "type": "VAE",
          "link": 96,
          "shape": 7
        },
        {
          "name": "LATENT_INPUT",
          "type": "LATENT",
          "link": 121,
          "shape": 7
        },
        {
          "name": "IMAGE",
          "type": "IMAGE",
          "link": null,
          "shape": 7
        }
      ],
      "outputs": [
        {
          "name": "OUTPUT VAE",
          "type": "VAE",
          "links": [
            50
          ],
          "slot_index": 0
        },
        {
          "name": "IMAGE",
          "type": "IMAGE",
          "links": null
        },
        {
          "name": "LATENT",
          "type": "LATENT",
          "links": [
            125
          ],
          "slot_index": 2
        }
      ],
      "properties": {
        "Node name for S&R": "Starupscale"
      },
      "widgets_values": [
        "ae.safetensors",
        "4x_NMKD-Siax_200k.pth",
        2000,
        "bicubic"
      ]
    },
    {
      "id": 60,
      "type": "DetailStarDaemon",
      "pos": [
        610,
        -540
      ],
      "size": [
        315,
        154
      ],
      "flags": {},
      "order": 3,
      "mode": 0,
      "inputs": [],
      "outputs": [
        {
          "name": "detail_schedule",
          "type": "DETAIL_SCHEDULE",
          "links": [
            127,
            128
          ],
          "slot_index": 0
        }
      ],
      "properties": {
        "Node name for S&R": "DetailStarDaemon"
      },
      "widgets_values": [
        0.1,
        0.2,
        0.8,
        0.5,
        1
      ]
    },
    {
      "id": 32,
      "type": "Note",
      "pos": [
        -697.3704223632812,
        -1231.8411865234375
      ],
      "size": [
        390,
        110
      ],
      "flags": {},
      "order": 4,
      "mode": 0,
      "inputs": [],
      "outputs": [],
      "title": "ABOUT WILDCARDS",
      "properties": {},
      "widgets_values": [
        "Copy the \"wildcards\" folder to your ComfyUI directory.\nThere are a few examples included.\nUse the wildcard using __ example: __animals__ if you have a animals.txt wildcard.\nIt also picks a random if you give different options within {}  Example {red|blue|green]  will give one of the 3 colors."
      ],
      "color": "#af3535",
      "bgcolor": "#653"
    },
    {
      "id": 49,
      "type": "Note",
      "pos": [
        580,
        -300
      ],
      "size": [
        370,
        160
      ],
      "flags": {},
      "order": 5,
      "mode": 0,
      "inputs": [],
      "outputs": [],
      "title": "ABOUT DETAIL DEAMON",
      "properties": {},
      "widgets_values": [
        "The Detail Star Deamon is adapted from the original sources. \nThis can improve the details of your generated images.\nRead more about the settings and how it works on the original sources:\nhttps://github.com/muerrilla/sd-webui-detail-daemon\nhttps://github.com/Jonseed/ComfyUI-Detail-Daemon\n\nThis is optional and connects to the SD and FLUX samplers"
      ],
      "color": "#af3535",
      "bgcolor": "#653"
    },
    {
      "id": 51,
      "type": "Note",
      "pos": [
        190,
        -390
      ],
      "size": [
        350,
        260
      ],
      "flags": {},
      "order": 6,
      "mode": 0,
      "inputs": [],
      "outputs": [],
      "title": "ABOUT THE UPSCALER",
      "properties": {},
      "widgets_values": [
        "The Upscaler is preparing the latent from the 1. pass to upscale it for the detailer. \n\nyou can use an input image too or use the output image.\nThe VAE chooser is for final encoding to get the right latent if you want to use a different sampler to make the latent ready for SD, SDXL, FLUX or SD3.5\n\nYou need the upscale models in your \"upscale_models\" folder of ComfyUI. \n\nThe Siax model and many more you can find on openmodeldb.info\nLink to the used Siax-Model:\nhttps://openmodeldb.info/models/4x-NMKD-Siax-CX"
      ],
      "color": "#af3535",
      "bgcolor": "#653"
    },
    {
      "id": 22,
      "type": "StarFiveWildcards",
      "pos": [
        -685.7020263671875,
        -1030.6800537109375
      ],
      "size": [
        370.01025390625,
        541.7451171875
      ],
      "flags": {},
      "order": 7,
      "mode": 0,
      "inputs": [],
      "outputs": [
        {
          "name": "STRING",
          "type": "STRING",
          "links": [
            42
          ],
          "slot_index": 0
        }
      ],
      "properties": {
        "Node name for S&R": "StarFiveWildcards"
      },
      "widgets_values": [
        427923326016439,
        "randomize",
        "",
        "Magazine cover with big bold text title word \"STARNODES\" using a photo real photo taken with iphone of",
        "a purple __animals__ sitting on a star, a cute deamon is injecting a golden glowing liquid into the star.",
        "\"STARNODES\" title text in bold letters. Second Text line: \"New Deamon Injectors Added!\"",
        "Background color: {red|blue|purple|}",
        "",
        ""
      ]
    },
    {
      "id": 58,
      "type": "Fluxstarsampler",
      "pos": [
        200,
        -1030
      ],
      "size": [
        317.4000244140625,
        310
      ],
      "flags": {},
      "order": 12,
      "mode": 0,
      "inputs": [
        {
          "name": "model",
          "type": "MODEL",
          "link": 130
        },
        {
          "name": "conditioning",
          "type": "CONDITIONING",
          "link": 117
        },
        {
          "name": "latent",
          "type": "LATENT",
          "link": 118
        },
        {
          "name": "detail_schedule",
          "type": "DETAIL_SCHEDULE",
          "link": 128,
          "shape": 7
        }
      ],
      "outputs": [
        {
          "name": "model",
          "type": "MODEL",
          "links": [
            123
          ]
        },
        {
          "name": "conditioning",
          "type": "CONDITIONING",
          "links": [
            124
          ]
        },
        {
          "name": "latent",
          "type": "LATENT",
          "links": [
            121,
            122
          ]
        }
      ],
      "properties": {
        "Node name for S&R": "Fluxstarsampler"
      },
      "widgets_values": [
        462226262435473,
        "randomize",
        "euler",
        "simple",
        "8",
        "3.5",
        "",
        "",
        "1.0"
      ]
    },
    {
      "id": 59,
      "type": "Fluxstarsampler",
      "pos": [
        600,
        -970
      ],
      "size": [
        317.4000244140625,
        310
      ],
      "flags": {},
      "order": 15,
      "mode": 0,
      "inputs": [
        {
          "name": "model",
          "type": "MODEL",
          "link": 123
        },
        {
          "name": "conditioning",
          "type": "CONDITIONING",
          "link": 124
        },
        {
          "name": "latent",
          "type": "LATENT",
          "link": 125
        },
        {
          "name": "detail_schedule",
          "type": "DETAIL_SCHEDULE",
          "link": 127,
          "shape": 7
        }
      ],
      "outputs": [
        {
          "name": "model",
          "type": "MODEL",
          "links": []
        },
        {
          "name": "conditioning",
          "type": "CONDITIONING",
          "links": []
        },
        {
          "name": "latent",
          "type": "LATENT",
          "links": [
            126
          ]
        }
      ],
      "properties": {
        "Node name for S&R": "Fluxstarsampler"
      },
      "widgets_values": [
        315678393146534,
        "randomize",
        "euler",
        "simple",
        "7",
        "3.5",
        "",
        "",
        "0.2"
      ]
    },
    {
      "id": 62,
      "type": "LoraLoaderModelOnly",
      "pos": [
        -260,
        -370
      ],
      "size": [
        390,
        82
      ],
      "flags": {},
      "order": 11,
      "mode": 4,
      "inputs": [
        {
          "name": "model",
          "type": "MODEL",
          "link": 129
        }
      ],
      "outputs": [
        {
          "name": "MODEL",
          "type": "MODEL",
          "links": [
            130
          ],
          "slot_index": 0
        }
      ],
      "properties": {
        "Node name for S&R": "LoraLoaderModelOnly"
      },
      "widgets_values": [
        "Blackforest\\flux1-canny-dev-lora.safetensors",
        1
      ]
    },
    {
      "id": 54,
      "type": "FluxStartSettings",
      "pos": [
        -240,
        -880
      ],
      "size": [
        350,
        412
      ],
      "flags": {},
      "order": 10,
      "mode": 0,
      "inputs": [
        {
          "name": "text",
          "type": "STRING",
          "link": 91,
          "widget": {
            "name": "text"
          }
        }
      ],
      "outputs": [
        {
          "name": "UNET",
          "type": "MODEL",
          "links": [
            129
          ],
          "slot_index": 0
        },
        {
          "name": "CLIP",
          "type": "CLIP",
          "links": null
        },
        {
          "name": "LATENT",
          "type": "LATENT",
          "links": [
            118
          ],
          "slot_index": 2
        },
        {
          "name": "WIDTH",
          "type": "INT",
          "links": null
        },
        {
          "name": "HEIGHT",
          "type": "INT",
          "links": null
        },
        {
          "name": "CONDITIONING",
          "type": "CONDITIONING",
          "links": [
            117
          ],
          "slot_index": 5
        },
        {
          "name": "VAE",
          "type": "VAE",
          "links": [
            96,
            103
          ],
          "slot_index": 6
        }
      ],
      "properties": {
        "Node name for S&R": "FluxStartSettings"
      },
      "widgets_values": [
        "Your positive prompt...",
        "FluxDevTurbo8Steps.safetensors",
        "SD3.5\\t5xxl_fp16.safetensors",
        "SD3.5\\ViT-L-14-TEXT-detail-improved-hiT-GmP-HF.safetensors",
        "ae.safetensors",
        "default",
        "16:9 [1344x768 landscape]",
        1024,
        1024,
        1
      ]
    },
    {
      "id": 63,
      "type": "Note",
      "pos": [
        570,
        -1220
      ],
      "size": [
        370,
        160
      ],
      "flags": {},
      "order": 8,
      "mode": 0,
      "inputs": [],
      "outputs": [],
      "title": "ABOUT REFINER",
      "properties": {},
      "widgets_values": [
        "This is the second pass generation, you can use you preferred Sampler to generate the Image.\n\nIt uses the upscaler output latent and a lower denoise to keep the original image and just add details.\nThis is an example for Flux.\nYou can connect the model and condition from the first pass.\nSeed \"-1\" generates a random seed."
      ],
      "color": "#af3535",
      "bgcolor": "#653"
    }
  ],
  "links": [
    [
      42,
      22,
      0,
      27,
      0,
      "STRING"
    ],
    [
      50,
      21,
      0,
      30,
      1,
      "VAE"
    ],
    [
      55,
      30,
      0,
      33,
      0,
      "IMAGE"
    ],
    [
      58,
      34,
      0,
      35,
      0,
      "IMAGE"
    ],
    [
      91,
      27,
      0,
      54,
      0,
      "STRING"
    ],
    [
      96,
      54,
      6,
      21,
      0,
      "VAE"
    ],
    [
      103,
      54,
      6,
      34,
      1,
      "VAE"
    ],
    [
      117,
      54,
      5,
      58,
      1,
      "CONDITIONING"
    ],
    [
      118,
      54,
      2,
      58,
      2,
      "LATENT"
    ],
    [
      121,
      58,
      2,
      21,
      1,
      "LATENT"
    ],
    [
      122,
      58,
      2,
      34,
      0,
      "LATENT"
    ],
    [
      123,
      58,
      0,
      59,
      0,
      "MODEL"
    ],
    [
      124,
      58,
      1,
      59,
      1,
      "CONDITIONING"
    ],
    [
      125,
      21,
      2,
      59,
      2,
      "LATENT"
    ],
    [
      126,
      59,
      2,
      30,
      0,
      "LATENT"
    ],
    [
      127,
      60,
      0,
      59,
      3,
      "DETAIL_SCHEDULE"
    ],
    [
      128,
      60,
      0,
      58,
      3,
      "DETAIL_SCHEDULE"
    ],
    [
      129,
      54,
      0,
      62,
      0,
      "MODEL"
    ],
    [
      130,
      62,
      0,
      58,
      0,
      "MODEL"
    ]
  ],
  "groups": [
    {
      "id": 1,
      "title": "Process Wildcards",
      "bounding": [
        -700,
        -1100,
        398.86871337890625,
        812.23779296875
      ],
      "color": "#8A8",
      "font_size": 24,
      "flags": {}
    },
    {
      "id": 3,
      "title": "First Pass for Flux-Generation",
      "bounding": [
        180,
        -1100,
        360,
        370
      ],
      "color": "#ff7142",
      "font_size": 24,
      "flags": {}
    },
    {
      "id": 5,
      "title": "Second Pass (Refiner)",
      "bounding": [
        580,
        -1040,
        360,
        380
      ],
      "color": "#eb683d",
      "font_size": 24,
      "flags": {}
    },
    {
      "id": 7,
      "title": "First Preview",
      "bounding": [
        970,
        -1070,
        350.89605712890625,
        429.3525695800781
      ],
      "color": "#3f789e",
      "font_size": 24,
      "flags": {}
    },
    {
      "id": 2,
      "title": "Load All Needed Models",
      "bounding": [
        -260,
        -970,
        397.67633056640625,
        529.52783203125
      ],
      "color": "#a1309b",
      "font_size": 24,
      "flags": {}
    },
    {
      "id": 4,
      "title": "Upscale Output For Refiner",
      "bounding": [
        180,
        -710,
        360,
        270
      ],
      "color": "#8882ca",
      "font_size": 24,
      "flags": {}
    },
    {
      "id": 6,
      "title": "Save Final Image",
      "bounding": [
        970,
        -620,
        350,
        500
      ],
      "color": "#3f789e",
      "font_size": 24,
      "flags": {}
    },
    {
      "id": 8,
      "title": "Detail Deamon",
      "bounding": [
        590,
        -610,
        350,
        240
      ],
      "color": "#a50303",
      "font_size": 24,
      "flags": {}
    }
  ],
  "config": {},
  "extra": {
    "ds": {
      "scale": 0.6634666659162958,
      "offset": [
        926.2547199607006,
        1372.9471099556636
      ]
    }
  },
  "version": 0.4
}